principal-invest,institution,title,duration,funding,areas,Financial_year,Round,Year,Institution_code,Item_no,Batch_no
Prof LI Si Ming,Hong Kong Baptist University,Land and Housing Policies in Post-Handover Hong Kong : Political Economy and Urban Space,12,416760.0,Land and Housing,2013-14,First Round,2013,A2,001,13A
"Prof CHAN Cheung Ming, Alfred ",Lingnan University,A Study on the Preferences and Feasibility of Optional Retirement in Hong Kong: A Human Resources Management Perspective,9,544255.0,Livelihood Issues,2013-14,First Round,2013,A3,002,13A
"Prof CHAN Cheung Ming, Alfred",Lingnan University,Retirement Planning for Pre-retiree in Hong Kong,9,516954.0,Livelihood Issues,2013-14,First Round,2013,A3,003,13A
Dr LI Pang Kwong,Lingnan University,The Governing System of Pre-1997 Hong Kong: Archival Study of Selected Policies / Events,12,443497.5,Political Development and Governance,2013-14,First Round,2013,A3,004,13A
"Prof Catherine 
A MCBRIDE CHANG ",The Chinese University of Hong Kong,Processes of Children's Literacy Acquisition in Chinese as a Second Language,24,461088.4,Livelihood Issues,2013-14,First Round,2013,A4,001,13A
"Prof CHAN Hon Wan, Edwin ",The Hong Kong Polytechnic University,Sustainable Planning Criteria (SPC) for Age-friendly Precincts (AFP) in the New Development Areas (NDAs) of Hong Kong,12,528471.0,"Land and Housing, Livelihood Issues",2013-14,First Round,2013,A6,006,13A
Prof Albert P. C. CHAN,The Hong Kong Polytechnic University,Improving Safety Communication of Ethnic Minorities in the Construction Industry,15,488750.0,Livelihood Issues,2013-14,First Round,2013,A6,007,13A
Dr LU Lin ,The Hong Kong Polytechnic University,Study on the Development Potential and Energy Incentives of Rooftop Solar Photovoltaic Applications in Hong Kong,12,424120.0,Environmental Protection,2013-14,First Round,2013,A6,010,13A
Dr GUO Hai,The Hong Kong Polytechnic University,Can We Get Rid of Smoggy Days in Hong Kong: Formation Mechanism and Control Strategies?,12,662969.3,Environmental Protection,2013-14,First Round,2013,A6,012,13A
Dr WANG Yuhong ,The Hong Kong Polytechnic University,Development of a Policy for Optimizing the Use of Inert Solid Wastes in Road Pavement Construction,18,373635.0,Environmental Protection,2013-14,First Round,2013,A6,013,13A
Dr ZHU Ling,The Hong Kong Polytechnic University,"Is the Polluter Paying? Assessing the Application of the ""Polluter Pays"" Principle to Ship-Source Pollution in Hong Kong",9,258750.0,Environmental Protection,2013-14,First Round,2013,A6,022,13A
Dr WONG Man Sing,The Hong Kong Polytechnic University,A Remote Sensing Study of Solar Energy Supply in Cloud-prone Areas of Hong Kong,12,359869.5,Others,2013-14,First Round,2013,A6,024,13A
Prof Eric W. T. NGAI,The Hong Kong Polytechnic University,Green Information Technology Adoption in Hong Kong: An Empirical Analysis and Policy Implications for Sustainable Development,12,329906.3,Environmental Protection,2013-14,First Round,2013,A6,025,13A
Prof QIU Hanqin,The Hong Kong Polytechnic University,Towards Sustainability: Exploring the Social and Economic Dimensions of Travel to Hong Kong by Mainland Chinese,12,428490.0,Economic Development,2013-14,First Round,2013,A6,029,13A
"Dr TSE Sze Ming, Tony ",The Hong Kong Polytechnic University,"Shaping Tourism Development: Anticipating Changes and Impacts, and Managing Consequences and Conflicts",12,269100.0,Economic Development,2013-14,First Round,2013,A6,030,13A
Prof ZHANG Xueqing,The Hong Kong University of Science and Technology,Developing an Integrated Construction Waste Management Policy Framework in Hong Kong,12,485415.0,Environmental Protection,2013-14,First Round,2013,A7,001,13A
Dr LI Ling Hin,The University of Hong Kong,Granger Causality Analysis of Land Supply and Housing Market Performance - Implications for Long Term Urban Land Policy in Hong Kong,12,519570.0,Land and Housing,2013-14,First Round,2013,A8,002,13A
Prof Paul S. F. YIP,The University of Hong Kong,A Study of Aspiration of Fertility amongst Married Women in Hong Kong (Age 15-49),9,365700.0,Livelihood Issues,2013-14,First Round,2013,A8,004,13A
Prof Paul S. F. YIP,The University of Hong Kong,A Study of Movement of Type 1 and 2 Babies in Hong Kong,8,308706.0,Livelihood Issues,2013-14,First Round,2013,A8,005,13A
"Prof LAU Sau Shing, Patrick ",Dashun Policy Research Centre,Age-friendly Housing Policies,10,579383.0,Land and Housing,2013-14,First Round,2013,C,002,13A
Prof WU Xiaogang,The Hong Kong University of Science and Technology,Dynamics of Poverty in Hong Kong: A Supplementary Survey,12,423200.0,Livelihood Issues,2014-15,First Round,2013,A7,005,14A
"Prof John 
BACON SHONE",The University of Hong Kong,"Language Use, Proficiency and Attitudes in Hong Kong",12,714985.0,Livelihood Issues,2014-15,First Round,2013,A8,006,14A
Dr FU King Wa,The University of Hong Kong,"Can Online Opinion Reflect Public Opinion? An Investigation into the Interplays between Online Opinion, Public Opinion, and Mass Media",24,556888.0,Political Development and Governance,2014-15,First Round,2013,A8,009,14A
"Dr LUM Yat Sang, Terry  ",The University of Hong Kong,Family Caregiving and Long-term Care Decision of People with Dementia in Hong Kong,9,332426.7,Livelihood Issues,2014-15,First Round,2013,A8,010,14A
Mr CHEUNG Wai Lam,One Country Two Systems Research Institute,Assessment of the Impact and Opportunities of the HK-Zhuhai-Macao Bridge to HK in the New Economic Situation,6,588000.0,Economic Development,2014-15,First Round,2013,C,003,14A
"Prof HSU 
Hui Chun, Cathy",The Hong Kong Polytechnic University,Enhancing Hong Kong’s Competitiveness as a Regional Cruise Hub from a Policy Perspective,12,556600.0,Economic Development,2014-15,Second Round,2013,A6,032,14C
Prof WU Xiaogang,The Hong Kong University of Science and Technology,Hong Kong Immigrants in Shenzhen: Facts and Challenges,12,229452.6,"Livelihood Issues, Economic Development, Application of Innovation and Technology",2014-15,Second Round,2014,A7,007,14C
"Mr LEUNG Cheuk Fai, Jimmy",The University of Hong Kong,Industrial Land Use Changes in Response to Economic Restructuring in Hong Kong,12,704812.0,Land and Housing,2014-15,Second Round,2013,A8,012,14B
"Prof LAI 
Wai Chung, Lawrence",The University of Hong Kong,Repeated Planning Applications by Developers under Statutory Zoning: A Hong Kong Case Study of Delays in Private Residential Development,12,640366.0,Land and Housing,2014-15,Second Round,2013,A8,014,14C
"Dr CHUI Ting Fong, May",The University of Hong Kong,Developing Sustainable Hong Kong through Low Impact Development: from Science to Innovation Policy,12,455975.0,Environmental Protection,2014-15,Second Round,2014,A8,016,14C
Ir Dr CHOI Yu Leuk,Hong Kong Academy of Engineering Sciences,Enhancing Policy on Building Maintenance: Solving the Residential Seepage Problem,12,737150.0,"Land and Housing, Livelihood Issues, Political Development and Governance, Economic Development",2014-15,Second Round,2014,C,006,14C
"Dr CHAN Ho Yan, Clara",City University of Hong Kong,The Drafting Policy for Hong Kong's Bilingual Legislation: A Communicative Approach,12,318036.6,Others,2014-15,Third Round,2014,A1,004,14D
"Dr CHEUNG Chi Kin, Kelvin",The Hong Kong Institute of Education*,Poverty of Ethnic Minority Children in Hong Kong,12,322414.0,Livelihood Issues,2014-15,Third Round,2014,A5,003,14D
Dr CHAN Lok Shun,City University of Hong Kong,Investigating the Possibility of Incorporating The Effect of Photovoltaic Panel and Photovoltaic Glazing Systems in the OTTV (Overall Thermal Transfer Value) Calculation in Hong Kong,9,157895.0,Environmental Protection,2014-15,Fourth Round,2014,A1,008,14E
Dr CHANG Zheng,City University of Hong Kong,Student Visa Holders in Rental Market: A Study of Mainland Students Housing Choice and Their Impact on Hong Kong's Housing Market,12,294883.0,Land and Housing,2014-15,Fourth Round,2014,A1,009,14E
"Prof Richard 
Mark WALKER",City University of Hong Kong,"Performance Information Use: Experiments on Performance Dimensions, Communication and Data Sources in Education and Solid Waste Recycling",12,597264.0,"Political Development and Governance, Application of Innovation and Technology, Environmental Protection",2014-15,Fourth Round,2014,A1,010,14E
"Prof CHIU Wing Kai, Stephen",The Chinese University of Hong Kong,"Vocational-oriented Education at Senior Secondary Level: Perceptions, Decision-making, and Life Planning",12,691210.95,"Youth Development, Livelihood Issues",2014-15,Fourth Round,2014,A4,003,14E
Prof CHOU Kee Lee,The Hong Kong Institute of Education*,How to Increase the Demand for Annuity in Hong Kong: A Study of Middle-Aged Adults,15,767917.1,Livelihood Issues,2014-15,Fourth Round,2014,A5,005,14E
"Ir Dr MUI Kwok Wai, Horace",The Hong Kong Polytechnic University,Feasibility Study of Implementing Indoor Air Quality Index in Hong Kong,24,365700.0,Environmental Protection,2014-15,Fourth Round,2014,A6,038,14E
Dr CHAN Tak Kwong,The University of Hong Kong,"Redeveloping a Governance Model of the Complaint-handling Process for Sufficient, Accountable and Transparent Regulation of Medical Professionals in Hong Kong",12,911536.0,Political Development and Governance,2014-15,Fourth Round,2013,A8,013,14E
"Prof LAW LUK Wai Ying, Nancy",The University of Hong Kong,"e-Learning in Formal, Informal and Open Learning Contexts: A Study of Global Trends, Policy Options and Their Implications for Sustainable Development in Hong Kong",12,885488.5,Application of Innovation and Technology,2014-15,Fourth Round,2014,A8,019,14E
Dr PAN Wei,The University of Hong Kong,"A Possible Zero Carbon Building Policy for Hong Kong: Opportunities, Risks and Recommendations",12,408894.0,Environmental Protection,2014-15,Fourth Round,2014,A8,020,14E
"Dr Miguel 
Angel MARTINEZ LOPEZ",City University of Hong Kong,How to Improve Participatory Mechanisms in The Processes of Urban Redevelopment: The Case of Kowloon East (Hong Kong),12,498251.3,Political Development and Governance,2015-16,First Round,2014,A1,011,15A
Dr LEUNG Lai Ching,City University of Hong Kong,Making Policy for Child Care in Hong Kong,12,476123.0,Livelihood Issues,2015-16,First Round,2014,A1,012,15A
"Dr SIU Yee Man, Noel",Hong Kong Baptist University,Shaping Arts Development and Education in Facilitating the Role of Hong Kong as a Cultural Hub of the Region,12,332350.0,Economic Development,2015-16,First Round,2014,A2,003,15A
Prof XU Yuan,The Chinese University of Hong Kong,Enforcing and Complying with Voluntary Agreements as an Alternative Environmental Policy Instrument,6,195332.0,Environmental Protection,2015-16,First Round,2014,A4,004,15A
Dr CHAN Lih Shing,The Hong Kong Institute of Education*,A Panel Study of Media Effects on Hong Kong Youth's Political Participation,22,667175.95,Political Development and Governance,2015-16,First Round,2014,A5,006,15A
Dr Lina VYAS,The Hong Kong Institute of Education*,Impact of Family Friendly Policies: A Panel Study in Hong Kong,15,448945.05,Livelihood Issues,2015-16,First Round,2014,A5,007,15A
Dr ZHANG Shaojun,The Hong Kong Polytechnic University,Does Dual-class Share Structure Create Value for Shareholders in the Long Run?  Evidence from an Empirical Study of Global Markets with Implications for Hong Kong Stock-listing Policies,24,898840.0,Economic Development,2015-16,First Round,2014,A6,045,15A
Dr ZHU Ling,The Hong Kong Polytechnic University,Civil and Criminal Liabilities for Ship-source Pollution in Hong Kong: Taking Stock of the Present and Seeing the Way Forward,12,278530.0,Environmental Protection,2015-16,First Round,2014,A6,048,15A
Dr WONG Wai Hung,Hang Seng Management College**,Preventing Marginalization in Air Passenger and Freight Businesses - a Global Network Decision Support System,24,654500.0,Economic Development,2015-16,First Round,2014,B12,001,15A
"Dr YAU Yung, Simon",City University of Hong Kong,Exploration and Evaluation of Policy Options for Tackling the Illegal Subdivided Unit Problem in Hong Kong,15,212175.0,Land and Housing,2015-16,Second Round,2014,A1,019,15B
"Prof LI Chelan, Linda",City University of Hong Kong,Sustainability and Social Mobility in Professional Services: A Case Study of Accounting Profession in Hong Kong,12,548775.4,Others,2015-16,Second Round,2014,A1,020,15B
"Dr LEUNG Ka Man, Carman",Hong Kong Baptist University,Impacts of the Residential Physical and Social Environment on Daily Walking Behavior of Older Adults in Hong Kong,12,499878.0,Livelihood Issues,2015-16,Second Round,2014,A2,005,15B
"Prof Kerry 
John KENNEDY",The Hong Kong Institute of Education*,Towards a Refugee Policy for an Inclusive Hong Kong: Enhancing the Status of China's International City,12,652303.0,"Livelihood Issues,  Political Development and Governance",2015-16,Second Round,2014,A5,010,15B
"Dr LAI Kee Hung, Mike",The Hong Kong Polytechnic University,Evaluation of Green Practices for Grocery Retailers in Hong Kong and the Policy Implications for Sustainable Development,12,294400.0,Application of Innovation and Technology,2015-16,Second Round,2014,A6,053,15B
Prof LI Heng,The Hong Kong Polytechnic University,The Effect of Isomorphic Pressure for BIM in Hong Kong Construction Industry,12,470695.0,Economic Development,2015-16,Second Round,2014,A6,054,15B
Dr SZETO Wai Yuen,The University of Hong Kong,Public Transport Policy Measures to Improve the Mobility of the Elderly in Hong Kong,12,526700.0,Livelihood Issues,2015-16,Second Round,2014,A8,025,15B
Dr TIAN Xiaoli,The University of Hong Kong,Birds of a Feather: Cross-group Interaction between Mainland and Local University Students in Hong Kong,12,242236.0,Livelihood Issues,2015-16,Second Round,2014,A8,027,15B
"Dr CHEUNG Chau Kiu, Jacky",City University of Hong Kong,Discontinuing Youth's Violent Involvements with Social Capital Development,12,817420.0,Youth Development,2015-16,Third Round,2015,A1,023,15C
"Dr LAU Chui Shan, Tracy",Hong Kong Baptist University,An Exploration of School Fieldtrip to Mainland in Hong Kong Secondary Schools: Students' Self-Authoring Civic Identity,12,630766.0,Youth Development,2015-16,Third Round,2015,A2,006,15C
"Prof CHAN Chung Ngor, Juliana",The Chinese University of Hong Kong,Designing a Sustainable Public-Private-Partnership Program to Enhance Diabetes Care and Evaluating Its Impact Using an Outcomes Simulation Model,12,552000.0,Livelihood Issues,2015-16,Third Round,2015,A4,008,15C
"Prof AU Yuk Fai, Kevin",The Chinese University of Hong Kong,Immigrant Entrepreneurship among Mainland Chinese University Graduates in Hong Kong: An Empirical Study with Multiple Perspectives,9,722455.0,"Economic Development, Youth Development",2015-16,Third Round,2015,A4,010,15C
"Dr ZHENG Wan Tai, Victor",The Chinese University of Hong Kong,"Impact of Social Mobility on the Political Attitudes and Behaviours of Young People: A Comparative Study of Hong Kong, Taiwan, and Macao",12,1636653.0,"Livelihood Issues, Political Development and Governance",2015-16,Third Round,2015,A4,011,15C
Prof WONG Sze Chun,The University of Hong Kong,A Sustainable Tourism and Mobility Framework for Assessing the Effects of the Individual Visit Scheme on the Public Transportation System in Hong Kong,12,690000.0,Economic Development,2015-16,Third Round,2015,A8,029,15C
Prof Ray FORREST,City University of Hong Kong,"Tenant Purchase, Assisted Home Ownership and Social and Residential Mobility",12,657296.0,Land and Housing,2015-16,Fourth Round,2015,A1,026,15D
"Dr POON Kei Yan, Kean",The Hong Kong Institute of Education*,Enhancing Executive Functioning of Children Living in Poverty: A Randomized Experiment Study,24,856452.0,Livelihood Issues,2015-16,Fourth Round,2015,A5,015,15D
Dr HUNG Wing Tat,The Hong Kong Polytechnic University,Electrification of Single-Deck Bus and Minibus in Hong Kong,12,700000.0,"Economic Development, Environmental Protection",2015-16,Fourth Round,2015,A6,058,15D
Dr HUNG Kam,The Hong Kong Polytechnic University,Toward a Better Understanding of the Chinese Mindset in Cruise Tourism Development: A Conjoint Analysis of Chinese Travelers' Preferences for Cruising Attributes,18,463025.0,Economic Development,2015-16,Fourth Round,2015,A6,061,15D
Prof WANG Susheng,The Hong Kong University of Science and Technology,Carbon Trading in International Climate Cooperation and Its Implications to Hong Kong,24,195500.0,Environmental Protection,2015-16,Fourth Round,2015,A7,009,15D
"Mr LAU Yue Shun, Wilson",Civic Exchange,The First Baseline Study of the General Public's Awareness and Attitudes Towards Biodiversity Conservation in Hong Kong,12,838120.0,Environmental Protection,2015-16,Fourth Round,2015,C,008,15D
"Dr YE Shengquan, Sam",City University of Hong Kong,An Experimental Study of National Identity Among Hong Kong Youth,12,415150.0,Youth Development,2016-17,First Round,2015,A1,029,16A
"Dr LEUNG Chung Man, Alvin",City University of Hong Kong,A Pan-Asian Field Study of Corporate Awareness to Information Security and Preparedness Against Cybercrimes,12,655500.0,Application of Innovation and Technology,2016-17,First Round,2015,A1,030,16A
"Prof Richard 
Mark WALKER",City University of Hong Kong,The 'Citizen Satisfaction Assessment Tool': Applying Expectancy Disconfirmation Theory to Public Services in Hong Kong,15,961400.0,"Political Development and Governance, Livelihood Issues, Environmental Protection, Others",2016-17,First Round,2015,A1,031,16A
"Prof MOK Ka Ho, Joshua",Lingnan University,"Hong Kong Non-Governmental Welfare Organisations in  Mainland China: Services, Challenges and Opportunities",18,930460.0,Livelihood Issues,2016-17,First Round,2015,A3,006,16A
Prof WONG Hung,The Chinese University of Hong Kong,Impacts of Implementing 'Low-income Working Family Allowance' (LIFA) on Labour Market Situation and Quality of Life of Low Income Working Families in Hong Kong,16,999299.0,Livelihood Issues,2016-17,First Round,2015,A4,012,16A
"Prof LAU Tak Fai, Joseph",The Chinese University of Hong Kong,"Attitudes and Levels of Support Toward Same-Sex Civil Union and Same-Sex Marriage Legislation among the General Public and Homosexual People in Hong Kong
- A Comparative Study",16,981966.0,Others,2016-17,First Round,2015,A4,016,16A
"Dr CHENG Yan Ni, Annie",The Hong Kong Institute of Education*,"Hong Kong Youths' National Identity: Impacts of Mainland Exchange Programmes, Study Tours and Volunteer Activities",12,403880.0,Youth Development,2016-17,First Round,2015,A5,017,16A
"Dr CHAN Man Hung, Thomas",The Hong Kong Polytechnic University,Developing A Globalised Industry under the Context of Territorial Policy - The Development of Aviation MRO Industry in Singapore and Hong Kong,9,611225.0,Economic Development,2016-17,First Round,2015,A6,063,16A
"Dr CHAN Ko Ling, Edward",The University of Hong Kong,"Association Among Father Involvement in Pregnancy and Childbirth, Pregnancy Violence and Health Outcomes: Does It Help Promote Good Health Among Newborns, Mothers, and Fathers?",12,649035.0,Livelihood Issues,2016-17,First Round,2015,A8,030,16A
"Dr LOU Weiqun, Vivian",The University of Hong Kong,"Financial Impacts of Family
Caregiving: An Investigation of the Moderating Effects of Workplace Accommodative Measures
and Domestic Helpers",12,559632.0,Livelihood Issues,2016-17,First Round,2015,A8,031,16A
"Dr TSE Ho Lun, Tommy",The University of Hong Kong,"Creative Industries in Flux: A Critical Investigation into the Challenges, Agency and Potential of Cultural and Creative Workers in Hong Kong",18,500000.0,"Livelihood Issues, Economic Development",2016-17,First Round,2015,A8,035,16A
"Dr WANG Jixian, James",The University of Hong Kong,"Hongkong-Shenzhen-Guangzhou as a Multi-gateway Trading 
City-region for Cross-border
E-retailing: A Geographical Analysis",12,605337.0,Economic Development,2016-17,First Round,2015,A8,036,16A
"Dr KWONG Che Leung, Charles",The Open University of Hong Kong***,Feasibility Study of Old Age Pension Scheme in Hong Kong: An Employee's Perspective,9,345028.0,Livelihood Issues,2016-17,First Round,2015,B16,001,16A
"Prof CHAN Chung Shing, 
Johnson",The Chinese University of Hong Kong,Achieving Sustainable Urban Park Management in Hong Kong through the Development of Indicators,12,340786.0,Environmental Protection,2016-17,Second Round,2015,A4,017,16B
Prof Kerry John KENNEDY,The Education University of Hong Kong,Youth Radicalism in Hong Kong: Exploring Changes in Adolescents' Civic Consciousness and Attitudes to the Nation,9,569905.0,"Political Development and Governance, Youth Development",2016-17,Second Round,2015,A5,019,16B
"Dr LIN Ming Chu, Pearl",The Hong Kong Polytechnic University,Exploring the Effects of AIRBNB on the Hong Kong Tourism Industry,12,256818.0,Economic Development,2016-17,Second Round,2015,A6,066,16B
Dr TIAN Xiaoli,The University of Hong Kong,Demarcation or Integration?: Improving Effectiveness of Traditional Chinese Medicine Use in Hong Kong,12,399326.0,"Livelihood Issues, Others",2016-17,Second Round,2015,A8,037,16B
Dr WANG Xiaolu,The University of Hong Kong,Performance of the Self-assessment Practice of Service Performance Monitoring System,12,561547.0,Political Development and Governance,2016-17,Second Round,2015,A8,038,16B
"Prof YIP Siu Fai, Paul",The University of Hong Kong,A Study on Population Dynamics in One Belt One Road: Opportunities and Challenges,12,617298.0,Economic Development,2016-17,Second Round,2015,A8,043,16B
Prof MA Shu Yun,The Chinese University of Hong Kong,"World Values Survey 2017: Generating Data for Trust Maintenance, Repair, and Better Governance in Post-Occupy Hong Kong",12,1025243.0,Political Development and Governance,2016-17,Third Round,2015,A4,020,16C
"Prof CHAN Yue Lai, Helen",The Chinese University of Hong Kong,A Study on the Development of Palliative and End-of-Life Care Services in Hong Kong,12,480801.0,Livelihood Issues,2016-17,Third Round,2016,A4,022,16C
Prof CHOU Kee Lee,The Education University of Hong Kong,Investment Pattern and Performance of Mandatory Provident Fund Scheme Members: A Historical Administrative Record Analysis,12,336390.0,Livelihood Issues,2016-17,Third Round,2016,A5,021,16C
Prof CHOU Kee Lee,The Education University of Hong Kong,Promotion of Volunteerism among Hong Kong Retirees: An Intervention Study,18,712307.0,Livelihood Issues,2016-17,Third Round,2016,A5,023,16C
"Prof HUI Chi Man, Eddie",The Hong Kong Polytechnic University,An Empirical Study of the Town Planning Board's Planning Control Decisions on Residential Development Applicants since Hong Kong's Handover to China,12,369909.0,Land and Housing,2016-17,Third Round,2016,A6,071,16C
Prof Erik BAARK,The Hong Kong University of Science and Technology,Energy Behavior Patterns in Hong Kong: The Role of Bounded Rationality and Peer Pressure in Air Conditioner Use,12,568445.0,Others,2016-17,Third Round,2016,A7,011,16C
"Dr CHAN Lok Shun, Apple",City University of Hong Kong,Developing Appropriate Typical Weather Data for Applications in Building Related Codes of Practices and Design Guidelines in Hong Kong,12,314928.0,Environmental Protection,2016-17,Fourth Round,2016,A1,038,16D
Dr Damien CHARRIERAS,City University of Hong Kong,The Development of a New Media Expertise in the Creative Economy of Hong Kong,12,550620.0,Economic Development,2016-17,Fourth Round,2016,A1,045,16D
Prof ZHANG Baohui,Lingnan University,One Belt One Road: China's Motives and Hong Kong's Roles,12,468050.0,"Economic Development, Others",2016-17,Fourth Round,2016,A3,007,16D
"Dr POON Pui Han, Winnie",Lingnan University,Deriving Public Policy for Hong Kong as an Infrastructure Financing Hub and Super-connector in Project Finance: The Belt and Road Initiative,18,691783.0,Economic Development,2016-17,Fourth Round,2016,A3,008,16D
Prof Raees Begum BAIG,The Chinese University of Hong Kong,Knowledge and Perceptions towards Gender-Based Violence of Minority Girls in Hong Kong,6,200000.0,Livelihood Issues,2016-17,Fourth Round,2016,A4,029,16D
Dr CHUNG Ka Fai,The University of Hong Kong,The Experience of Stigma in Patients with Mental Disorders: Are There Improvements in the Past 15 Years?,12,346293.0,Livelihood Issues,2016-17,Fourth Round,2016,A8,049,16D
"Dr WONG Yee Hang, Mathew",The University of Hong Kong,A Survey Experiment on Discontent Among the Youth: Welfare or Politics?,12,220368.0,"Political Development and Governance, Youth Development",2016-17,Fourth Round,2016,A8,051,16D
"Dr KU Yee Lai, Kelly",Hong Kong Baptist University,Investigating Hong Kong Students' Critical News Literacy in the Age of Social Media,12,492982.0,Application of Innovation and Technology,2017-18,First Round,2016,A2,014,17A
Prof LI Si Ming,Hong Kong Baptist University,"Differential In-migration, Housing Access and Spatial Segregation: Hong Kong since 1997",18,825125.0,"Land and Housing, Livelihood Issues",2017-18,First Round,2016,A2,016,17A
Prof CUI Geng,Lingnan University,Construction of Mainland China - Hong Kong Economic Integration Index and Its Application to Facilitate Public Policy Research in Hong Kong,12,494960.0,Economic Development,2017-18,First Round,2016,A3,009,17A
"Dr YUEN Chi Lok, Andrew",The Chinese University of Hong Kong,Maintaining Hong Kong Aviation-hub Position Under the ASEAN - China Air Transport Agreement (ATA),18,481491.0,Economic Development,2017-18,First Round,2016,A4,032,17A
"Dr TO Wai Chun, Clara",The Education University of Hong Kong,Life Course Effects on Marital Stability: Experience of Remarried Mainland Chinese Migrant Women in Hong Kong,12,500000.0,Livelihood Issues,2017-18,First Round,2016,A5,025,17A
Prof LI Heng,The Hong Kong Polytechnic University,Facilitating the Diffusion of Building Information Modeling (BIM) in the Hong Kong Construction Industry: A Network Perspective,18,716335.0,Economic Development,2017-18,First Round,2016,A6,075,17A
"Dr LIU Kang Huey, Helen",The University of Hong Kong,"Exploring the Motivations, Incentive Designs, and Performance of Open Innovation in Hong Kong",12,297032.0,Application of Innovation and Technology,2017-18,First Round,2016,A8,052,17A
Dr FU King Wa,The University of Hong Kong,"Associations between Emerging Political Ideology, Political Participation and Social Media Use: Making Sense of the Connections between ""Localism"", ""Populism"", and Post-materialism in Hong Kong",12,780234.0,Political Development and Governance,2017-18,First Round,2016,A8,055,17A
Dr LI Hang,Hong Kong Shue Yan University,From Ketamine to Ice: Neutralisation Techniques and Risk Perception of Adolescent Drug Abusers,12,422464.0,Youth Development,2017-18,First Round,2016,B13,002,17A
"Dr CHAN Lok Shun, Apple",City University of Hong Kong,Enhancing the Environmental Effectiveness of Overall Thermal Transfer Value (OTTV) Regulation for Green Building Design in Hong Kong,18,304750.0,Environmental Protection,2017-18,Second Round,2016,A1,051,17B
"Prof HE Ying, Sylvia",The Chinese University of Hong Kong,"Out-of-home Activities and Social Exclusion among Hong Kong's Aging Population: A Study of the Elderly's
Activity-travel Patterns and Its Implication on Well-being",9,397853.0,Livelihood Issues,2017-18,Second Round,2016,A4,035,17B
"Dr LIU Suk Ching, Elaine",City University of Hong Kong,Demographic and Social Indicators of Youth Volunteering in Hong Kong,12,842950.0,Youth Development,2017-18,Third Round,2017,A1,058,17C
"Dr LAU Ka Wai, Maggie",Lingnan University,Relationship between Poverty and Neurocognitive Skills,24,700000.0,Livelihood Issues,2017-18,Third Round,2017,A3,011,17C
"Prof HE Ying, Sylvia",The Chinese University of Hong Kong,"Promoting e-mobility in Hong Kong: Institutional and Spatial Contexts, Public Acceptance, and the Location Choice of Public EV Charging Facilities",18,530725.0,"Economic Development, Others",2017-18,Third Round,2017,A4,037,17C
Prof YEOH Eng Kiong,The Chinese University of Hong Kong,"Investigating the Preference, Attitude and Perception of Frail Older People on Consumer-directed Long-term Care in Hong Kong",12,490907.0,Livelihood Issues,2017-18,Third Round,2017,A4,039,17C
"Prof Karen A.
Joe LAIDLER",The University of Hong Kong,"Opening Doors, Creating Pathways - A Qualitative Study of Social Harms and Service Access of Young People from Ethnic Minority Backgrounds in Hong Kong",14,400000.0,Livelihood Issues,2017-18,Third Round,2017,A8,062,17C
"Dr LEE Hsiang Hui, Emily",The University of Hong Kong,Financial Inclusion and Bank Account Opening: Deploying Financial Technology and Regulatory Technology for Improving Banking Services Accessibility Inside Hong Kong’s Anti-Money Laundering Law,18,295550.0,Economic Development,2017-18,Third Round,2017,A8,064,17C
"Prof FUNG Ying Him, Anthony",The Chinese University of Hong Kong,Tracking the Future: The Perception of Future and Aspirations of Hong Kong Youth,12,345000.0,Youth Development,2017-18,Fourth Round,2017,A4,040,17D
Prof LUI Tai Lok,The Education University of Hong Kong,Global Governance Hub: A New Dimension in Hong Kong's Global City Strategy?,18,957766.0,Political Development and Governance,2017-18,Fourth Round,2017,A5,029,17D
"Dr LUI Ching Wu, Lake",The Education University of Hong Kong,"Family Policies, Social Norms and Fertility Decisions: A Survey Experiment",12,764750.0,Livelihood Issues,2017-18,Fourth Round,2017,A5,032,17D
Prof GUO Hai,The Hong Kong Polytechnic University,Clear up Toxic Smog and Improve Air Quality in Hong Kong,18,498410.0,Environmental Protection,2017-18,Fourth Round,2017,A6,094,17D
"Dr CHAN Lok Shun, Apple",City University of Hong Kong,"Investigating the Feasibility of Mandatory Implementation of Life Cycle Assessment on Renewable Energy Systems for Green Building Design in Hong Kong
",12,320000.0,Environmental Protection,2018-19,First Round,2017,A1,057,18A
"Dr SZETO Sing Ying, Elson",The Education University of Hong Kong,Career and Life Planning for Hong Kong Youth Development: Challenges and Opportunities,12,499627.0,Youth Development,2018-19,First Round,2017,A5,031,18A
Dr WEI Minchen,The Hong Kong Polytechnic University,The Possibility of Reducing Illuminance Level by Using LED Lighting Products with High Colour Rendering Index for Energy Reduction in Green Buildings,12,306691.0,Environmental Protection,2018-19,First Round,2017,A6,091,18A
"Dr Mehmet 
Ali KOSEOGLU",The Hong Kong Polytechnic University,Employing People with Disabilities in the Hong Kong Hotel Industry: Perspectives of Employers,12,120175.0,Livelihood Issues,2018-19,First Round,2017,A6,098,18A
Dr  LEE Jinsoo,The Hong Kong Polytechnic University,"Examining Cross-national Destination Image of Hong Kong with Big Data Analytics and Social and Cultural Distance
",18,320049.0,Economic Development,2018-19,First Round,2017,A6,100,18A
"Prof LOO Pui Ying, Becky",The University of Hong Kong,Re-establishing Ferry’s Key Position in the Sustainable Transport System of Hong Kong,18,810049.0,Others,2018-19,First Round,2017,A8,069,18A
Dr TIAN Linwei,The University of Hong Kong,Ambient Ozone Levels in Hong Kong: The Lower The Better?,12,500000.0,Environmental Protection,2018-19,First Round,2017,A8,072,18A
"Dr MAH Ngar Yin, Daphne",Hong Kong Baptist University,Engaging the Community to Develop a Model for Sustainable Energy Futures: A Case Study of Two Prospective Solar Communities in Hong Kong,12,632500.0,"Political Development and Governance, Environmental Protection, Others",2018-19,Second Round,2017,A2,027,18B
"Dr HE Jingwei, Alex",The Education University of Hong Kong,How to Increase the Demand for Private Long-term Care Insurance in Hong Kong?,15,1086951.0,Livelihood Issues,2018-19,Second Round,2017,A5,034,18B
"Dr YUNG Hiu Kwan, Esther",The Hong Kong Polytechnic University,An Analytical Study on Preferences of the Elderly in Visiting Public Open Spaces,12,380944.0,Livelihood Issues,2018-19,Second Round,2017,A6,102,18B
"Dr LIU Xihui, Sylvia",The Hong Kong Polytechnic University,Made in China 2025: The Challenges and Opportunities of the Hong Kong Design Industry,12,501070.0,Economic Development,2018-19,Second Round,2017,A6,104,18B
"Prof SHEN Qiping, Geoffrey",The Hong Kong Polytechnic University,Simulating the Impact of Construction Industrialization Policies on Its Update in Hong Kong: A Socio-technical System Perspective,18,625600.0,Economic Development,2018-19,Second Round,2017,A6,107,18B
Prof LAM Tai Pong,The University of Hong Kong,"Hong Kong Youths' Attitudes Towards Suicide, Coping Strategies and Online Help-seeking",18,880918.0,Youth Development,2018-19,Second Round,2017,A8,075,18B
"Dr LOU Weiqun, Vivian",The University of Hong Kong,Defining Sonhood: The Exploration of Lived Experience of the Caregiving Sons in Their Late Adulthood in Hong Kong,12,607582.0,Livelihood Issues,2018-19,Second Round,2017,A8,076,18B
"Prof SO Wing Mui, Winnie",The Education University of Hong Kong,"Challenges and Opportunities with Hong Kong Students' Science, Technology, Engineering, and Mathematics Aspirations",12,784300.0,Youth Development,2018-19,Third Round,2018,A5,041,18C
"Prof HUI Chi Man, Eddie",The Hong Kong Polytechnic University,"An Investigation of the Price and Rental Effects of ""Green"" Buildings in Hong Kong's Housing Market and Its Implications for Policy",12,422740.0,Environmental Protection,2018-19,Third Round,2018,A6,110,18C
"Dr YU Tit Wan, Ann",The Hong Kong Polytechnic University,Strategies and Measures for Construction and Demolition Waste Management of Refurbishing/Renovating Existing Buildings in Hong Kong,12,605015.0,Environmental Protection,2018-19,Third Round,2018,A6,111,18C
Dr YU Lu,The Hong Kong Polytechnic University,"Impact of Short-term Study in Mainland China Programme on Hong Kong Local University Students' Intercultural Competence, Perception and Attitude about Mainland China, and National Identity",18,594435.0,Youth Development,2018-19,Third Round,2018,A6,113,18C
Dr CHEN Gaowei,The University of Hong Kong,"Promoting Science, Technology, Engineering, and Mathematics Education in Hong Kong: Using Analytics-supported E-learning to Enhance Student Attitudes and Achievement in Science",18,575170.0,Application of Innovation and Technology,2018-19,Third Round,2017,A8,073,18C
"Prof CHAN Chung Shing, 
Johnson",The Chinese University of Hong Kong,Are Cities in Guangdong-Hong Kong-Macao Bay Area Development Attractive to University Students in Hong Kong? From Perceived Image to Locational Decisions,12,399044.0,Economic Development,2018-19,Fourth Round,2018,A4,048,18D
"Dr ZHENG Wan Tai, Victor",The Chinese University of Hong Kong,Meso-institution as Agent of Social Mobilization and Consensus Building: The Case of Tongxianghui,12,550000.0,Political Development and Governance,2018-19,Fourth Round,2018,A4,049,18D
Dr HUI Lai Ling,The Chinese University of Hong Kong,A Study on the View of Hong Kong Parents on Secondary Use of Dried Blood Spots in Newborn Screening Program - Implications on Evidence-based Policies,12,865398.0,Livelihood Issues,2018-19,Fourth Round,2018,A4,051,18D
Dr Norman AU,The Hong Kong Polytechnic University,Investigating the Potential for Robotic Technology Adoption in the Hong Kong Tourism Industry,12,292019.0,Economic Development,2018-19,Fourth Round,2018,A6,118,18D
Prof WU Xun,The Hong Kong University of Science and Technology,Trans-regional Air Pollution Control in the Guangdong-Hong Kong-Macau Greater Bay Area: The Interplay between Science and Policy,12,631966.0,"Political Development and Governance, Environmental Protection",2018-19,Fourth Round,2018,A7,013,18D
"Dr LU Weisheng, Wilson",The University of Hong Kong,"""Finding the Needles in a Haystack"": Identification of the Illegal Dumping of Construction Waste Using Big Data",18,447350.0,Environmental Protection,2018-19,Fourth Round,2018,A8,078,18D
"Prof LAU Wing Chung, Patrick",Hong Kong Baptist University,"How Can the United Kingdom's Elite Sport Success Inspire Elite Sport Policy in Hong Kong: The Cases of Cycling, Swimming and Taekwondo",12,601432.0,Others,2019-20,First Round,2019,A2,033,19A
"Dr ZHENG Wan Tai, Victor",The Chinese University of Hong Kong,Education as Soft Power: Hong Kong-trained Non-local University Students' Connections and Their Career Plan in Hong Kong ,12,495559.0,"Economic Development, Livelihood Issues",2019-20,First Round,2019,A4,054,19A
"Dr YUEN Wai Kwan, Gail",The Education University of Hong Kong,Investigating Space in Kindergartens under the Free Quality Kindergarten Education Scheme,14,537050.0,Others,2019-20,First Round,2019,A5,047,19A
"Prof CHIU Wing Kai, Stephen",The Education University of Hong Kong,The Long March towards Professionalization: Study of Chinese Medicine Practitioners' Attitudes towards Professional Development in Hong Kong,12,741761.0,Livelihood Issues,2019-20,First Round,2019,A5,052,19A
Dr RAN Maosheng,The University of Hong Kong,Understanding the Stigma in Promoting Community Recovery and Integration for Persons with Mental Illness in Hong Kong,12,612080.0,Livelihood Issues,2019-20,First Round,2019,A8,081,19A
Prof John BACON SHONE,The University of Hong Kong,Stalking: Intimate Partner Violence and Debt Collection Problems in Hong Kong,12,294630.0,Political Development and Governance,2019-20,First Round,2019,A8,083,19A
Prof Ray FORREST,Lingnan University,"Housing as an Intergenerational Project-parental Resources, Parental Strategies and the Housing Opportunities of Young People in Hong Kong",18,868278.0,"Land and Housing, Youth Development, Livelihood Issues",2019-20,Second Round,2019,A3,017,19B
Dr IP Iam Chong,Lingnan University,Privacy Challenges and Big Data in Smart City,12,268870.0,Political Development and Governance,2019-20,Second Round,2019,A3,018,19B
"Prof HO Sui Chu, Esther",The Chinese University of Hong Kong,"Health Behaviour in School-aged Children Study in Hong Kong: Assessing the Physical, Emotional and Social Well-being",12,985000.0,Youth Development,2019-20,Second Round,2019,A4,057,19B
Prof SHEN Jianfa,The Chinese University of Hong Kong,Hong Kong's Logistics Industry Development: Development Strategies in the New Spatial Context of the Guangdong-Hong Kong-Macao Greater Bay Area,12,552424.0,Economic Development,2019-20,Second Round,2019,A4,058,19B
Dr KING Ronnel Bornasal,The Education University of Hong Kong,Well-being of Filipino Domestic Workers in Hong Kong: A Public Policy Priority for the Future,12,711620.0,Livelihood Issues,2019-20,Second Round,2019,A5,053,19B
Prof CHOU Kee Lee,The Education University of Hong Kong,To Claim or Not to Claim: Towards a Better Understanding of the Take-up Rates of Welfare Schemes Targeting Hong Kong Older Adults and the Stigma Attached to Them,12,898610.0,Livelihood Issues,2019-20,Second Round,2019,A5,055,19B
Dr Lina VYAS,The Education University of Hong Kong,Advancing Job- and Health-associated Outcomes for Employees of Small and Medium Enterprises in Hong Kong: A Study on Workplace Supervisor Support with Smartphone-based and Capacity-building Interventions,24,882395.0,Livelihood Issues,2019-20,Second Round,2019,A5,057,19B
Prof LUI Tai Lok,The Education University of Hong Kong,Hong Kong's Professional Sector under Regionalization,18,835130.0,"Livelihood Issues, Economic Development",2019-20,Second Round,2019,A5,058,19B
"Dr CHAN Lok Shun, Apple",City University of Hong Kong ,Investigation on Incorporating Adjacent Shading Effect into Overall Thermal Transfer Value Regulation for Energy-Efficient Building Design in Hong Kong,12,333118.0,Environmental Protection,2019-20,Third Round,2019,A1,086,19C
"Dr KWOK LAI Yuk Ching, Sylvia",City University of Hong Kong ,Correlates of Family Strengths in Hong Kong - Implication for Family Wellbeing Policy,18,600000.0,Livelihood Issues,2019-20,Third Round,2019,A1,087,19C
Prof CHUNG Pak Kwong,Hong Kong Baptist University ,A Study of Development of Esports in Hong Kong,12,573637.0,Youth Development,2019-20,Third Round,2019,A2,036,19C
Dr JIANG Jin,Lingnan University,The Greater Bay Area and Career Opportunity for Hong Kong Youth: Integrating Big Data Analysis and Survey Experiments,24,500000.0,Youth Development,2019-20,Third Round,2019,A3,019,19C
Prof HUANG Hui,The Chinese University of Hong Kong,Improving the Effectiveness of Cross-boundary Securities Law Enforcement Between Hong Kong and Mainland China,12,364268.0,Economic Development,2019-20,Third Round,2019,A4,056,19C
"Dr WONG Yee Hang, Mathew",The Education University of Hong Kong,"Decomposing Between- and Within-group Income Inequality in Hong Kong: Politics, Welfare, and Identity",12,360578.0,Livelihood Issues,2019-20,Third Round,2019,A5,060,19C
Dr LEUNG Chi Hung,The Education University of Hong Kong,Investigating the Effectiveness of an Information Technology Entrepreneurship Training Program for Ethnic Minorities in Hong Kong,18,995026.0,"Economic Development, Youth Development,  Livelihood Issues",2019-20,Third Round,2019,A5,061,19C
"Prof LAW Chun Hung, Roberts",The Hong Kong Polytechnic University,Developing Hong Kong’s Smart Tourism,12,411355.0,Economic Development,2019-20,Third Round,2019,A6,136,19C
Prof John BACON SHONE,The University of Hong Kong ,The Contribution of Minority Languages and Dialects to Hong Kong’s Linguistic Landscape,12,824653.0,Livelihood Issues,2019-20,Third Round,2019,A8,086,19C
"Ms LAI Man Yin, Carine",Civic Exchange,Managing Vibrant Streets: Street Performance Policy in Hong Kong,16,1300000.0,Others,2019-20,Third Round,2019,C5,004,19C
Prof Richard Mark WALKER,City University of Hong Kong,Developing and Testing a Behavioral Theory of Performance Information Use for Hong Kong: Experimental Evidence on Cognitive Biases,14,908293.0,"Environmental Protection, Political Development and Governance, Others",2019-20,Fourth Round,2019,A1,089,19D
Prof LI Si Ming,Hong Kong Baptist University,Complex Housing Tenure and Residential Relocation: the Case of the Hong Kong Special Administrative Region ,12,653200.0,Land and Housing ,2019-20,Fourth Round,2019,A2,039,19D
Dr LAU Wing Fat,The Chinese University of Hong Kong,Teachers' Concerns about STEM Education: A Territory-wide Evaluation,12,399625.0,Application of Innovation and Technology,2019-20,Fourth Round,2019,A4,063,19D
Prof Bryan Christopher MERCURIO,The Chinese University of Hong Kong,Regulating Cross-border Data: A Public Policy Framework for Hong Kong,12,536199.0,Economic Development,2019-20,Fourth Round,2019,A4,064,19D
Prof LI Heng,The Hong Kong Polytechnic University,Solving Public Housing Problem in Hong Kong by Adopting Modular Integrated Construction (MiC) to Build the Transitional House,24,878025.0,Land and Housing ,2019-20,Fourth Round,2019,A6,143,19D
Dr SUN Yi,The Hong Kong Polytechnic University,Effects of Environment-related Experiences on Older Person’s Well-being in Hong Kong’s “Double Ageing” Context: A Person–environment Perspective,12,497030.0,Livelihood Issues,2019-20,Fourth Round,2019,A6,145,19D
Dr Tom MCDONALD,The University of Hong Kong,Facilitating Everyday Cross-border Monetary Transactions and the Potential of Digitization in the Greater Bay Area ,18,699962.0,Economic Development,2019-20,Fourth Round,2019,A8,089,19D
"Dr CHIA Chih Yun, Stella",City University of Hong Kong,Tracking the Influence of Misinformation on Perceptions about Flu Vaccine among the Elderly Population in Hong Kong,12,531300.0,Livelihood Issues,2020-21,First Round,2020,A1,093,20A
Dr CHANG Zheng,City University of Hong Kong,Estimating the Social Benefits of Landfill Restoration and Redevelopment in Hong Kong: Evidence from Housing Market,12,308172.0,"Land and Housing,  Environmental Protection",2020-21,First Round,2020,A1,094,20A
"Dr CHEUNG Chau Kiu, Jacky",City University of Hong Kong,Influencers' Facilitation of Prosocial Development among University Students,12,347530.0,Youth Development,2020-21,First Round,2020,A1,095,20A
Dr SUN Yongjun,City University of Hong Kong,"Incorporate Key Components Performance Degradation into the Code of Practice for Improved Life-cycle Energy Efficiency of Heating, Ventilation and Air-conditioning Systems",12,502320.0,Environmental Protection,2020-21,First Round,2020,A1,097,20A
Prof WONG Yu Ka,The Chinese University of Hong Kong,The Development of Chinese Literacy Proficiency and its Relationship with Learning Motivation in Ethnic-minority Primary School Students,12,473812.0,Livelihood Issues,2020-21,First Round,2020,A4,065,20A
Prof WOO Chi Keung,The Education University of Hong Kong,Performance-based Regulation of Mass Transit Railway's Reliability Performance,12,586040.0,Others,2020-21,First Round,2020,A5,071,20A
"Dr YUNG Hiu Kwan, Esther",The Hong Kong Polytechnic University,Effects of Indoor Environmental Quality on the Satisfaction Level of Elderly in Residential Care Homes,12,389942.0,Livelihood Issues,2020-21,First Round,2020,A6,146,20A
Dr WANG Shuaian,The Hong Kong Polytechnic University,Data-driven Port State Control (PSC) Policies: Improving Maritime Safety and Promoting Green Shipping,12,223100.0,Others,2020-21,First Round,2020,A6,148,20A
Dr Basak DENIZCI GUILLET,The Hong Kong Polytechnic University,Chinese Travelers’ Perceptions towards Demand Based Pricing  Strategies of the High Speed Rail: A Conjoint Analysis Approach,24,518650.0,Economic Development,2020-21,First Round,2020,A6,150,20A
"Prof CHENG Wing Keung, Stephen",The University of Hong Kong,Assessment of the e-Cigarette Impact on Vascular Health ,24,641406.0,Livelihood Issues,2020-21,First Round,2020,A8,091,20A
"Dr YEUNG Yuen Lan, Dannii",City University of Hong Kong,Development of A Longitudinal Database on Adult Development and Aging,24,1146550.0,Livelihood Issues,2020-21,Second Round,2020,A1,101,20B
Dr TO Siu Ming,The Chinese University of Hong Kong,"The Influence of Intrapersonal, Interpersonal and Community Protective Factors on Hong Kong Adolescents’ Stress during Political Life Events and Their Mental Health",15,344655.0,Youth Development,2020-21,Second Round,2020,A4,067,20B
Prof YEOH Eng Kiong,The Chinese University of Hong Kong,A Feasibility Study on A Healthcare Voucher Scheme for Screening and Management of Cardiovascular Risk Factors Associated Chronic Diseases in the General Population: A Mixed Methods Evaluation,12,987850.0,Livelihood Issues,2020-21,Second Round,2020,A4,068,20B
"Prof FUNG Chi Hung, Jimmy",The Hong Kong University of Science and Technology,Post-processing Technique for Enhancing the Analysis Accuracy of Simulation Results from Air Ventilation Assessments,12,820373.2,Environmental Protection ,2020-21,Second Round,2020,A7,014,20B
Ms Amanda Sarah WHITFORT,The University of Hong Kong,An Empirical Study of the Nature of Animal Abuse Cases in Hong Kong from 2013-2019,12,462019.4,Political Development and Governance,2020-21,Second Round,2020,A8,092,20B
Dr Patrick IP,The University of Hong Kong,Investigating the Long-Term Effects of Rapid Repeat Pregnancy and Early Child Maltreatment among Young Mothers and Their Children in Hong Kong,12,547049.0,Livelihood Issues,2020-21,Second Round,2020,A8,093,20B
"Prof CHU Yiu Wai, Stephen",The University of Hong Kong, A Study of Hong Kong Popular Music Education,18,597137.5,Youth Development,2020-21,Second Round,2020,A8,094,20B
Dr ZHANG Xinzhi,Hong Kong Baptist University,Hong Kong Media’s Coverage of Political Polarization and its Effects on People’s Political Attitudes and Behaviors,8,356972.0,Political Development and Governance,2020-21,Third Round,2020,A2,043,20C
Prof LIN Ping,Lingnan University,Can Hong Kong's Current Competition Policy Meet the Challenge of Increasing Economic Integration with the Greater Bay Area?,24,974510.0,Economic Development,2020-21,Third Round,2020,A3,024,20C
Dr WANG Yonglin,Lingnan University,Cooling Measures in Hong Kong and its Residential Property Market,12,485070.0,Land and Housing Supply,2020-21,Third Round,2020,A3,025,20C
"Dr LEE Tsz Lok, Trevor",The Education University of Hong Kong,Home-School Collaboration as Online Learning Support System: A Case Study of Primary Schools amid Class Suspension in Hong Kong,12,670450.0,Technology and Education,2020-21,Third Round,2020,A5,076,20C
Dr YANG Dong,The Hong Kong Polytechnic University,Policy Recommendations on Port Collaboration and Maritime Industry Sustainable Development of Hong Kong under the Great Bay Area Initiative,12,581785.0,Economic Development,2020-21,Third Round,2020,A6,154,20C
Dr ZHU Ling,The Hong Kong Polytechnic University,"Reducing Greenhouse Gas Emissions from Shipping: Regulatory Challenges, Opportunities and Recommendations for Hong Kong",15,432975.0,Environmental Protection,2020-21,Third Round,2020,A6,157,20C
Dr YEUNG Chok Hang,The University of Hong Kong,"Evaluation of Wastewater Reuse in Hong Kong Using an Integrated Framework for Life-cycle Economic, Environmental and Public Health Impact Assessment",18,998315.0,Environmental Protection,2020-21,Third Round,2020,A8,095,20C
Dr Terry Antonius VAN GEVELT,The University of Hong Kong,Shoves or Nudges?  Promoting Behavioural Change to Tackle Climate Change in Hong Kong,12,316250.0,Others,2020-21,Third Round,2020,A8,096,20C
Dr CHOW Pok Yin Stephenson,City University of Hong Kong,"Accommodating the Needs of Persons with Disabilities in Policies concerning Public Health Emergencies: Law, Ethics and Practice",12,500000.0,Political Development and Governance,2020-21,Fourth Round,2020,A1,111,20D
Dr LI Jing,The Chinese University of Hong Kong,Evaluating The Impact Of New Town Development: A Piketty’s Framework,12,392150.0,Land and Housing Supply,2020-21,Fourth Round,2020,A4,071,20D
Dr NG Shek Nam Marques,The Chinese University of Hong Kong,Identifying Social Capital for Family Caregiving in Chronic Organ Failure: A Concept Mapping Study,18,642709.0,Livelihood Issues,2020-21,Fourth Round,2020,A4,072,20D
Dr LAM Tai Pong,The University of Hong Kong,Enhancing Early Recognition and Management of Dementia for the Aging Population of Hong Kong - Roles of Primary Care Providers,9,345000.0,Livelihood Issues,2020-21,Fourth Round,2020,A8,099,20D
Dr SHUM Chun Tat,The Open University of Hong Kong***,Towards a Multicultural Active Ageing Policy: A Qualitative Study of Quality of Life Among South Asian Older Adults in Hong Kong,12,357159.0,Livelihood Issues,2020-21,Fourth Round,2020,B16,003,20D
Dr HO Wing Chung,City University of Hong Kong,A Longitudinal Study of Intergenerational Transmission of Poverty in Hong Kong across the 2010s: Policy Implications in Poverty/Inequality and Youth Development,12,269596.0,"Livelihood Issues, Youth Development",2021-22,First Round,2021,A1,112,21A
Dr SHEN Fei,City University of Hong Kong,Using Deliberation to Reduce Polarization and Build Consensus: An Experimental Study,18,432687.0,Political Development and Governance,2021-22,First Round,2021,A1,113,21A
"Dr ZHENG Wan Tai, Victor",The Chinese University of Hong Kong,The Innovative Combination of Hong Kong's Brand Strength and the Mainland's Advanced Manufacturing Technology in Developing the Greater Bay Area as a Centre of High-quality Proprietary Chinese Medicine,12,565892.0,Economic Development,2021-22,First Round,2021,A4,073,21A
"Dr LEE Ka Man, Carmen",The Chinese University of Hong Kong,Doxxing in Hong Kong: A Discourse-Analytic Perspective,12,350000.0,Youth Development,2021-22,First Round,2021,A4,075,21A
Dr CHAU Chi Kwan,The Hong Kong Polytechnic University,Costs and Benefits of Undertaking BEAM (Building Environment Assessment Method) Plus New Building Assessments in Hong Kong,18,565169.0,Environmental Protection,2021-22,First Round,2021,A6,169,21A
Prof TAO Zhigang,The University of Hong Kong,Economic Determinants and Implications of the 2019 Hong Kong District Council Election,18,583625.0,"Livelihood Issues, Political Development and Governance",2021-22,First Round,2021,A8,105,21A
Dr LAM Wai Man,The Open University of Hong Kong***,Political Participation in Late Adulthood: A Latent Transition Analysis,24,870104.0,Livelihood Issues,2021-22,First Round,2021,B16,005,21A
"Ir Dr HO Chung Tai, Raymond",Dashun Foundation,Construction Policy: Utilizing Blockchain Technology for Construction Activity Tracking,9,776020.0,Economic Development,2021-22,First Round,2021,C1,004,21A
Dr LI Xin,City University of Hong Kong,Assessing Brownfield Redevelopment Potentials in Hong Kong: A Geographic Information System (GIS) Analysis of Brownfield Sites,12,370455.2,Land and Housing Supply,2021-22,Second Round,2021,A1,115,21B
"Dr SONG Yunya, Celine ",Hong Kong Baptist University,Building Resilience to Information Disorder in Hong Kong: An Investigation of Rumor Exposure and Dissemination in Times of Public Crisis,12,500000.0,Political Development and Governance,2021-22,Second Round,2021,A2,047,21B
"Prof CHAN Chung Shing, Johnson",The Chinese University of Hong Kong,Developing a Sustainable City Brand for Hong Kong based on Local Brand Equity of Green-Creative-Smart City,15,722027.5,Economic Development,2021-22,Second Round,2021,A4,078,21B
Prof LI Heng,The Hong Kong Polytechnic University,Evaluation of Impact of Policy Interventions on the Building Information Modelling (BIM) Adoption Status in the Hong Kong Construction Industry: From a Comparative Perspective,18,409400.0,Economic Development,2021-22,Second Round,2021,A6,173,21B
Dr LIU Xintao,The Hong Kong Polytechnic University,Evaluation of ‘Over-tourism’ Phenomenon in Hong Kong Using Machine Learning and Social Media Data,12,223100.0,Others,2021-22,Second Round,2021,A6,174,21B
"Prof HSU Hui Chun, Cathy",The Hong Kong Polytechnic University,A Decision Support System for Post-COVID Tourism Policy Formation and Monitoring,18,600000.0,Economic Development,2021-22,Second Round,2021,A6,177,21B
Dr IP Ka Wai,Hong Kong Baptist University,Data Literacy of Hong Kong Internet Users,12,610914.5,Others,2021-22,Third Round,2021,A2,049,21C
Dr WAN Zhihong,The Education University of Hong Kong,"Working in the Guangdong-Hong Kong-Macao Greater Bay Area: Hong Kong Science, Technology, Engineering and Mathematics (STEM) Undergraduates' Intention and Concerns ",12,500000.0,"Economic Development, Youth Development",2021-22,Third Round,2021,A5,092,21C
Dr LEE Siu Yau,The Education University of Hong Kong,Public Support for Social Inclusion Policies ,15,523250.0,Livelihood Issues,2021-22,Third Round,2021,A5,096,21C
"Dr YANG Yang, Jackie",The Hong Kong Polytechnic University,"Regulatory Framework and Guidelines for Drone Applications in the Hong Kong Architecture, Engineering and Construction Industry",12,460000.0,Others,2021-22,Third Round,2021,A6,181,21C
Prof ZHU Pengyu,The Hong Kong University of Science and Technology,"The Persistence of Behavioral Changes in Post-Pandemic Hong Kong: Implications for Transportation, Housing and Economic Development Policies",18,658087.5,Others,2021-22,Third Round,2021,A7,021,21C
"Prof CHOW Wing Sun, Nelson",The University of Hong Kong,Attractions and Hurdles of Retiring in the Greater Bay Area in the Post-pandemic Period: Investigating How the Choice of Cross Border Retirement will be Affected by the Portability of Public Benefits and Social Support Network,10,460000.0,"Economic Development, Livelihood Issues",2021-22,Third Round,2021,A8,110,21C
Prof YIP Ngai Ming,City University of Hong Kong,Socio-Economic Segregation in Hong Kong - Social Exclusion and the Provision of Public Services in Spatially Segregated Areas,12,157205.0,Livelihood Issues,2021-22,Fourth Round,2021,A1,119,21D
"Dr CHAN Lok Shun, Apple",City University of Hong Kong,Investigating the Appropriateness of Adopting a Single Limit in Overall Thermal Transfer Value Regulation for Buildings in Hong Kong,12,439070.0,Environmental Protection,2021-22,Fourth Round,2021,A1,120,21D
Dr LI Wanxin,City University of Hong Kong,Capacity Building for Sustainable Water Governance in Hong Kong by Socio-technological Innovation,18,637748.6,"Environmental Protection, Political Development and Governance",2021-22,Fourth Round,2021,A1,121,21D
Dr WANG Hui,The Education University of Hong Kong,"Determinants of Hong Kong Secondary Students' Senses of Belonging to School, City, Country and the World",12,425543.7,Education and Youth Development,2021-22,Fourth Round,2021,A5,100,21D
Dr ZHAN Ying,The Education University of Hong Kong,"Investigating Primary School Teachers' E-assessment Practices, Intentions and Influencing Factors in the New Normal: Implications for Developing E-assessment Policy",12,662170.0,Innovation and Technology,2021-22,Fourth Round,2021,A5,101,21D
Dr YAO Wei,The Hong Kong Polytechnic University,Identifying and Prioritizing Development Zones for Green Roofs in Hong Kong: A Geospatial Smart City Way towards Carbon Neutrality,12,599150.0,Others,2021-22,Fourth Round,2021,A6,184,21D
Dr WEI Hsi Hsien,The Hong Kong Polytechnic University,Towards People-centric Smart City Development: Investigating the Citizens' Preferences and Perceptions about Smart-city Services in Hong Kong,12,469401.25,Others,2021-22,Fourth Round,2021,A6,185,21D
Prof LI Heng,The Hong Kong Polytechnic University,Study on the Critical Influencing Factors and Policy Effectiveness Improvement of the Collaborative Governance of the Construction and Demolition Waste Recycling Chain in Hong Kong,12,310270.0,Environmental Protection,2021-22,Fourth Round,2021,A6,189,21D
"Dr WANG Jixian, James",Bay Area Hong Kong Centre,Enhancing Hong Kong’s Role as Regional Aviation Hub through Developing a Supply Chain Service Center for Cross-border E-commerce,12,608450.0,Co-operation with the Mainland,2021-22,Fourth Round,2021,C24,001,21D
Dr ZHU Xiaolin,The Hong Kong Polytechnic University,Developing Low-Cost Remote Sensing System for Detecting Illegal Dumping of Construction Waste in Hong Kong,12,281060.0,Environmental Protection,2022-23,First Round,2022,A6,191,22A
"Dr LEE Suet Mui, Daisy",School of Professional Education and Executive Development The Hong Kong Polytechnic University,Constructing A System of Interest for A Social Marketing Intervention to Nudge Plate Waste Reduction in Restaurants,12,545790.0,Environmental Protection,2022-23,First Round,2022,B24,001,22A
"Dr WAN Shui Ki, Monique",Hong Kong Baptist University,"Constructing Daily Hong Kong Online Consumer Price Index and Price Dynamics: The Role of E-commerce in the Post-pandemic Era
",12,560050.0,Economic Development,2022-23,Second Round,2022,A2,053,22B
"Prof AU Yuk Fai, Kevin",The Chinese University of Hong Kong,Promoting Active Ageing and Social Participation with Time Voucher/Bank,12,586045.0,Livelihood Issues,2022-23,Second Round,2022,A4,090,22B
Dr LI Sen,The Hong Kong University of Science and Technology,"Regulating Tourist Coach Parking in Hong Kong: Curbside Management and Carpark Provision
",24,986718.0,Livelihood Issues,2022-23,Second Round,2022,A7,024,22B
Dr Marcelo THOMPSON,The University of Hong Kong,"Standards-Setting, National Security, and the Responsibility of Technological Platforms in Hong Kong: Understanding Article 139 of the Hong Kong Basic Law
",9,284573.25,Political Development and Governance,2022-23,Second Round,2022,A8,121,22B
"Dr WONG Shun Mun, Helen",School of Professional Education and Executive Development The Hong Kong Polytechnic University,Motivating Small and Medium Enterprises (SMEs) to Adopt Blockchain for Building a Smart Hong Kong: An Investigation of Blockchain Adoption Drivers and Implementation Support,12,432579.4,Innovation and Technology,2022-23,Second Round,2022,B24,002,22B
Prof CHOU Kee Lee,The Education University of Hong Kong,Poverty Dynamics in Hong Kong: Synthetic Panel Approach,12,400775.0,Livelihood Issues,2022-23,Third Round,2022,A5,113,22C
Dr FAN Ying,The Hong Kong Polytechnic University,"Tackling Ageing Buildings and Facilitating Urban Transformation:
Optimization of Floor Area Ratio Regulation in Hong Kong’s Urban Renewal Process
",12,598000.0,Land and Housing,2022-23,Third Round,2022,A6,200,22C
Dr WANG Shuo,The Hong Kong Polytechnic University,Incorporating Spatial Heterogeneity of Rainfall Response to Climate Change into the Design of Slope Drainage Provisions in Hong Kong,12,470350.0,Others,2022-23,Third Round,2022,A6,202,22C
Dr Amos DARKO,The Hong Kong Polytechnic University,Energy Efficiency Retrofitting of Existing Buildings for Carbon Neutrality in Hong Kong: Policy Recommendations and Guidelines for Overcoming the Challenges,12,359542.9,Environmental Protection,2022-23,Third Round,2022,A6,207,22C
"Dr LEUNG Shuk Ching, Jessica",The University of Hong Kong,Establishing a Performance Expectation Framework for STEM Education Among Primary and Secondary School Students in Hong Kong,12,546136.56,Education and Youth Development,2022-23,Third Round,2022,A8,125,22C
"Dr ZHONG Runyang, Ray",The University of Hong Kong,"Prefabrication Hub Feasibility for Hong Kong Construction Industry: An Integrated Approach
",12,281691.35,"Economic Development, Innovation and Technology",2022-23,Third Round,2022,A8,129,22C
"Prof WONG Lai Yi, Eliza",The Chinese University of Hong Kong,Study on the Factors for Effective and Sustainable Clinical Waste Management Policy in Hong Kong,12,708122.79,Environmental Protection,2022-23,Fourth Round,2022,A4,097,22D
Dr CHAU Chi Kwan,The Hong Kong Polytechnic University,Mission Zero: Cost Effective Pathway towards Carbon Neutral Buildings,12,449535.0,Environmental Protection,2022-23,Fourth Round,2022,A6,211,22D
Dr SEO Bo Kyong,The Hong Kong Polytechnic University,Housing and Early Childhood Growth and Development in Hong Kong's Low-income Families,15,583160.4,Livelihood Issues,2022-23,Fourth Round,2022,A6,213,22D
Dr Crystal KWAN,The Hong Kong Polytechnic University,Enhancing the Social Participation of Older People with Lived Experiences of Homelessness: A Community Based Participatory Research,15,460000.0,Livelihood Issues,2022-23,Fourth Round,2022,A6,214,22D
Prof LI Heng,The Hong Kong Polytechnic University,Using Carbon Regulation to Promote the Adoption of Modular Integrated Construction in Hong Kong: An Evolutionary Game-based Study,18,772225.0,Land and Housing,2022-23,Fourth Round,2022,A6,215,22D
Dr TAN Cheng Yong,The University of Hong Kong,School Leaders’ Challenges and Responses during the COVID-19 Pandemic: Deriving Recommendations Based on Evidence from A Systematic Review,9,308415.0,Education and Youth Development,2022-23,Fourth Round,2022,A8,130,22D
"Ir Dr HO Chung Tai, Raymond",Dashun Foundation,Hong Kong 2030+ Eastern Knowledge and Technology Corridor: How to Create High Workability Conditions to Foster the Employment of Industrial Innovation Talents?,10,825700.0,Livelihood Issues,2022-23,Fourth Round,2022,C1,008,22D
"Dr ZHU Yue Feng, Alex",The Education University of Hong Kong,Promoting Retirement Financial Planning Activities and Retirement Savings Outcomes of Working Adults in Hong Kong: A Three-Component Intervention,24,691150.0,Livelihood Issues,2023-24,First Round,2023,A3,038,A5.23A
Dr LO Chung Kwan,The Education University of Hong Kong,Teachers' Uses and Concerns about Online Open Educational Resources: A Territory-wide Study,12,388171.2,Education and Youth Development,2023-24,First Round,2023,A5,115,23A
Dr WANG Dan,The Hong Kong Polytechnic University,Developing a Hotel Environmental Sustainability Management Index (HESMI) for Hotels in Hong Kong,12,569250.0,Innovation and Technology,2023-24,First Round,2023,A6,220,23A
Dr LI Xiaomin,The Hong Kong Polytechnic University,Now More Important than Ever: Promoting Healthy Financial Behaviors for Hong Kong Youths from Lower-SES Households,12,490291.0,"Livelihood Issues, Education and Youth Development",2023-24,First Round,2023,A6,221,23A
Prof WANG Yuhong,The Hong Kong Polytechnic University,How to Effectively Implement Nature-Based Solutions (NBS) in Urban Development and Urban Renewal - A Comparison Study of Policies between Hong Kong and Leading European Cities,23,775100.0,Environmental Protection,2023-24,First Round,2023,A6,222,23A
Prof HUNG Kam,The Hong Kong Polytechnic University,Developing a Tourism Cluster in the Greater Bay Area: A Dual Branding Perspective,18,737380.0,"Co-operation with the Mainland, Economic Development",2023-24,First Round,2023,A6,223,23A
Dr LI Sen,The Hong Kong University of Science and Technology,Mapping Residents' Perception of Safety through Street View Images and Interpretable AI: A Hong Kong Case Study,18,677350.0,Innovation and Technology,2023-24,First Round,2023,A7,025,23A
"Prof LEE Lap Fung, Francis",The Chinese University of Hong Kong,"Fact-Checking as a Means to Combat Misinformation: Evaluating Performance, Effectiveness, and Policy Implications",18,804367.5,Political Development and Governance,2023-24,Second Round,2023,A4,102,23B
Dr TSANG Yung Po,The Hong Kong Polytechnic University,Policy Recommendations on Sustainable Logistics Development in Hong Kong under the Global ESG Trend and Initiatives,12,580750.0,Innovation and Technology,2023-24,Second Round,2023,A6,225,23B
"Prof CHAO Yu Hang, Christopher",The Hong Kong Polytechnic University,Assessing the Adaptation of New Energy Vehicles in Hong Kong: The Future of Hydrogen Fuel Cell Vehicles and Electric Vehicles,18,995900.0,Environmental Protection,2023-24,Second Round,2023,A6,226,23B
Dr ZHUGE Chengxiang,The Hong Kong Polytechnic University,Electrifying the Bus System in Hong Kong: Feasibility Analysis and System Optimization,12,383640.0,"Livelihood Issues, Environmental Protection",2023-24,Second Round,2023,A6,232,23B
"Dr YUNG Hiu Kwan, Esther",The Hong Kong Polytechnic University,Relationship between Travel Behavior and Built Environment Factors: Impacts on Mobility and Quality of Life of People with Physical Disabilities,12,658030.0,Livelihood Issues,2023-24,Second Round,2023,A6,233,23B
Dr LYU Xiaopu,Hong Kong Baptist University,What Are the Implications of COVID-19 Restrictions for Ozone Pollution Control in Hong Kong?,18,648255.0,Environmental Protection,2023-24,Third Round,2023,A2,059,23C
Dr ZHAO Zhenzhou,The Education University of Hong Kong,National Security Education in Hong Kong's Universities in the 'New Era',12,589439.0,Education and Youth Development,2023-24,Third Round,2023,A5,126,23C
Dr HWANG Yoo Hee,The Hong Kong Polytechnic University,Multi-method Investigations to Increase Public Acceptance of Upcycled Food,12,507000.5,Environmental Protection,2023-24,Third Round,2023,A6,238,23C
Dr HEUNG Ho Lam,The Hong Kong Polytechnic University,Overweight Prevention in Heavy Lifting Works for Construction Workers with the Smart Lightweight Active Soft Exosuit,12,553725.0,Livelihood Issues,2023-24,Third Round,2023,A6,242,23C
Dr YU Yantao,The Hong Kong University of Science and Technology,Investigating the Effects of Physical Risk Factors on Musculoskeletal Disorders among Older Construction Workers in Hong Kong: A Field Data-driven Approach,18,815407.5,Livelihood Issues,2023-24,Third Round,2023,A7,030,23C
Dr FENG Shihui,The University of Hong Kong,Towards Adaptive and Resilient Educational Systems: A Network-based Approach to Study STEAM Education Innovation in HK,12,574540.0,"Innovation and Technology, Education and Youth Development",2023-24,Third Round,2023,A8,139,23C
"Mr TONG Ka Wah, Ronny",Path of Democracy,"Knowledge, Attitudes and Behaviours of the International Business Community towards Doing Business in Hong Kong",12,700000.0,Economic Development,2023-24,Third Round,2023,C19,001,23C
"Prof WONG Chi Sang, Martin",The Chinese University of Hong Kong,Enhancing Patient Experience and Healthcare Journey in the Public Sector in Hong Kong: A Mixed Qualitative and Quantitative Study of the “HA Go” Application,12,996185.0,Livelihood Issues,2024-25,First Round,2024,A4,104,24A
"Prof WONG Chi Sang, Martin",The Chinese University of Hong Kong,Screening Programme for Osteoporosis in Hong Kong: A Mixed Qualitative and Quantitative Study with Cost-effectiveness Analysis,16,800000.0,Livelihood Issues,2024-25,First Round,2024,A4,105,24A
Dr Ewan WRIGHT,The Education University of Hong Kong,A Higher Education Hub for Doctoral Education: The Case of the Hong Kong PhD Fellowship Scheme,12,392150.0,Education and Youth Development,2024-25,First Round,2024,A5,127,24A
"Dr WONG Yee Hang, Mathew",The Hong Kong Polytechnic University,Understanding Hong Kong People’s Acceptance of Income Inequality and Preferences of Policy Responses,12,488750.0,Livelihood Issues,2024-25,First Round,2024,A6,245,24A
Dr KE Jintao,The University of Hong Kong,A Planning Scheme of Commercial Electric Vehicle Chargers for Promoting Green Transport in Hong Kong,12,875610.0,Livelihood Issues,2024-25,First Round,2024,A8,145,24A
"Dr CHO Yin Nei, Esther",Saint Francis University,Immobility Decisions and Wellbeing: The Younger Stayers in Hong Kong,12,734597.0,Livelihood Issues,2024-25,First Round,2024,B9,006,24A
Dr CHENG Song,The Hong Kong Polytechnic University,Implementing Carbon-free Air Travel in Hong Kong: What Fidelity and Resiliency are Needed in Sustainable Aviation Fuels?,18,882050.0,Environmental Protection,2024-25,Second Round,2024,A6,252,24B
Prof ZHU Pengyu,The Hong Kong University of Science and Technology,Bus Electrification in Hong Kong: Energy Consumption Prediction and Charging Facility Planning,12,886260.15,"Livelihood Issues, Environmental Protection",2024-25,Second Round,2024,A7,032,24B
Dr JIAN Sisi,The Hong Kong University of Science and Technology,Designing Cross-Border Public Transit Bundle Services and Analysing Their Impact on the Greater Bay Area Regional Economy: A Simulation-based Optimization Framework,24,987373.0,"Co-operation with the Mainland, Livelihood Issues",2024-25,Second Round,2024,A7,034,24B
"Dr CHOY Hung Tat, Lennon",The University of Hong Kong,Research on the Grading of World War II Allied & Japanese Pillboxes in the New Territories as an Educational and Tourism Asset for Hong Kong,12,404626.35,"Economic Development, Environmental Protection",2024-25,Second Round,2024,A8,146,24B
Dr GAO Fang,The Education University of Hong Kong,Choosing Hong Kong as an Undergraduate Study Destination: Motivations and Decision-making Processes of International Students,12,600962.4,Education and Youth Development,2024-25,Third Round,2024,A5,140,24C
"Dr NGAN Miu Yung, Olivia",The University of Hong Kong,"Medical Misconduct Reduction and Prevention: A Focus Mapping Analysis on Patient Safety, Risk Factors, and Temporal Trends",12,478653.0,Livelihood Issues,2024-25,Third Round,2024,A8,147,24C
Prof ZHANG Xiaohu,The University of Hong Kong,Strategic Pathways to Urban Innovation: A Smart Specialisation Development Framework for Hong Kong,18,689425.0,"Economic Development, Innovation and Technology",2024-25,Third Round,2024,A8,149,24C
Professor GU Minkang,The Education University of Hong Kong,Data Sharing and Protection: A Comparative Study of Hong Kong and Different Countries or Regions,12,999603.0,Innovation and Technology,2024-25,Fourth Round,2024,A5,149,24D
Dr SHEN Jianfu,The Hong Kong Polytechnic University,Climate Policy Risk and Green Infrastructure Financing in the Belt and Road Initiative: Policy Implications for Infrastructure Loan Securitisation,12,503470.0,Co-operation with the Mainland,2024-25,Fourth Round,2024,A6,261,24D
Dr SHEN Jianfu,The Hong Kong Polytechnic University,Developing a MiC Data Platform for Reusable Modules in the Transitional Housing Projects: Towards a Circular Economy,12,852150.0,Land and Housing,2024-25,Fourth Round,2024,A6,267,24D
"Professor ZHONG Runyang, Ray",The University of Hong Kong,Carbon-neutral Practices in Recycled Concrete-based Materials Through Sequestration of Anthropogenic CO₂,12,493706.5,"Economic Development, Innovation and Technology",2024-25,Fourth Round,2024,A8,154,24D
Professor SHI Shuai,The University of Hong Kong,Leverage Network Capital for Hong Kong’s Carbon Neutrality Goal: The Role Model of Hong Kong Government-related Companies,12,489210.0,Achieving Carbon Neutrality by 2050,2024-25,Fourth Round,2024,A8,155,24D
"Dr CHAN Chi Ming, Victor",The Hang Seng University of Hong Kong,A Multifaceted Analysis of Strengthening Stage-specific Support System for Youth Micro-entrepreneurship in Hong Kong,12,565191.0,Education and Youth Development,2024-25,Fourth Round,2024,B12,009,24D
Professor WONG Yuk Shan,Silk Road Institute,Constructing a Modern Vocational Education System with Hong Kong Characteristics to Nurture Internationalized Technical Professionals,10,880580.76,Education and Youth Development,2024-25,Fourth Round,2024,C31,001,24D
"Dr KWONG Wai Man, Raymond",Hong Kong Metropolitan University,Assessing the Integration of Retirees into the Professional Gig Economy: Addressing Talent Shortages and Enhancing Well-being in Hong Kong,12,619804.0,Livelihood Issues,2025-26,First Round,2024,B16,013,25A
Professor LI Chen,The Chinese University of Hong Kong,"Opportunities and Challenges for the Implementation of “One University, Two Campuses” and Mutual Recognition of Academic Qualifications in the Greater Bay Area: A Comparative Case Study of CUHK (Shenzhen), HKUST (Guangzhou) and Beijing Normal-Hong Kong Baptist University (BNBU)",12,593630.0,"
		",2025-26,Theme-based,E2025,A4,117,
Professor YU Lu,The Hong Kong Polytechnic University,"Enhancing Adaptation, Integration, and Career Development of Non-local University Students in Hong Kong",12,905993.0,"
		",2025-26,Theme-based,E2025,A6,286,
"Professor CHEN Xiaohua, Sylvia",The Hong Kong Polytechnic University,Enhancing Cultural Integration for Non-local Students in Hong Kong: A Multicultural Acquisition Approach to Policy Development,12,694257.55,"
		",2025-26,Theme-based,E2025,A6,287,
Professor ZHU Pengyu,The Hong Kong University of Science and Technology,"Enhancing the Implementation of “One University, Two Campuses"" and Mutual Recognition of Academic Qualifications: A Mixed-methods Study",12,864915.0,"
		",2025-26,Theme-based,E2025,A7,039,
Dr WONG Wai Lun,The University of Hong Kong,Exploring Future Strategies to Promote the Development of Vocational and Professional Education and Training (VPET) in New Quality Productive Force in Hong Kong in Synergy with Greater Bay Area—Policy Leaders’ and Industry Leaders’ Perspective: A Qualitative Approach,12,353447.9,"
		",2025-26,Theme-based,E2025,A8,162,
Professor Annie BLIGH,Saint Francis University,The Industry-university of Applied Sciences (UAS) Collaboration Models,12,743699.0,"
		",2025-26,Theme-based,E2025,B9,009,
Professor MOK Ka Ho,The Hang Seng University of Hong Kong,Strategies to Attract and Retain High-calibre Talents to Pursue Further Studies at Doctorate Level in Hong Kong for Nurturing Specialised Talents that will Contribute to Hong Kong's Development,12,558900.0,"
		",2025-26,Theme-based,E2025,B12,011,
"Dr HO Kin Chung, Henry",One Country Two Systems Youth Forum,Strategic Study on the Northern Metropolis University Town’s Positioning on Education and Research and Its Collaboration with Industries in GBA,12,940700.0,"
		",2025-26,Theme-based,E2025,C12,002,
"Professor WONG Chi Sang, Martin",The Chinese University of Hong Kong,"Acceptance, Attitude, Enablers and Barriers of Screening Programme for Hepatitis B in Hong Kong: A Mixed Qualitative and Quantitative Study",12,999727.0,Livelihood Issues,2025-26,Second Round,2025,A4,111,25B
"Professor AU Yuk Fai, Kevin",The Chinese University of Hong Kong,Deep-tech Ventures in Hong Kong and Their Supportive Innovation Systems,12,553702.0,"Co-operation with the Mainland, Economic Development, Innovation and Technology",2025-26,Second Round,2025,A4,112,25B
Dr TENG Yue,The Hong Kong Polytechnic University,Carbon Credits as a Catalyst for Promoting Modular Integrated Construction (MiC) in Hong Kong: Empirical Analysis and Policy Strategies,12,569020.0,Achieving Carbon Neutrality by 2050,2025-26,Second Round,2025,A6,277,25B
"Dr KEE Yee Chun, Tristance",The Hong Kong Polytechnic University,Investigating Social Sustainability in “Well-being Design” Housing Policy: A Post-occupancy Evaluation,12,669300.0,Land and Housing,2025-26,Second Round,2025,A6,278,25B
Dr SHIN Hyejo,The Hong Kong Polytechnic University,"Developing and Validating a Scale for Environmental, Social, and Governance-driven Smart Tourism Destinations (ESG-STDs): Extending the Stakeholder Theory and Social Exchange Theory",18,665677.5,Economic Development,2025-26,Second Round,2025,A6,280,25B
Professor TSANG King Fung,The Chinese University of Hong Kong,The Impact of Digitalisation on Legal Rules Concerning Cross-border Interactions and Commercial Dealings - Supporting the Role of Hong Kong as a Centre for International Dispute Resolution Services,12,454710.0,"Co-operation with the Mainland, Innovation and Technology",2025-26,Third Round,2025,A4,121,25C
Dr ZHAO Zhiheng,The Hong Kong Polytechnic University,"Harnessing the Synergistic Effect of Construction Robotics and Modular Integrated Construction: Key Barriers, Strategic Applications, and Policy Tools",12,483209.3,"Economic Development, Innovation and Technology",2025-26,Third Round,2025,A6,293,25C
"Professor SING Chun Pong, Michael",The Hong Kong Polytechnic University,Enhancing Inclusivity in Hong Kong’s Outdoor Facilities and Venues: A Study on Ethnic Minorities’ Access and Preferences,12,507725.0,Livelihood Issues,2025-26,Third Round,2025,A6,294,25C
Professor LI Xiao,The University of Hong Kong,A Reliability-centered Framework for Modular Integrated Construction (MiC) Failure Prediction and Maintenance Optimization,15,666425.0,Land and Housing,2025-26,Third Round,2025,A8,168,25C
Professor ZHAO Zhan,The University of Hong Kong,Smart Mega Events: A Cross-city Comparative Analysis of Event Portfolios and Public Perceptions Using Online Data and Large Language Models,12,592250.0,Healthcare Innovations,2025-26,Third Round,2025,A8,170,25C
Professor Julien Laurent CHAISSE,City University of Hong Kong,Making E-awards Work: Legal Fixes and Tech Upgrades to Keep Hong Kong at the Forefront of Digital Arbitration,12,909650.0,Co-operation with the Mainland,2025-26,Fourth Round,2025,A1,175,25D
"Professor CHUNG Kien Hoa, Kevin",The Education University of Hong Kong,"Post-secondary Students' Career and Life Planning: A Study on Ethnic Minority Youth's Experiences in Hong Kong, China",12,808852.5,Social Development,2025-26,Fourth Round,2025,A5,175,25D
"Professor CHEUNG Yuk Yim, Catherine",The Hong Kong Polytechnic University,Enhancing Hong Kong's Appeal as a Halal Tourism Hub: Strategic Insights and Policy Recommendations for Sustainable Growth,12,578174.0,"Integrated Development of Culture, Sports and Tourism",2025-26,Fourth Round,2025,A6,300,25D
Professor WANG Xiaolu,The Hong Kong Polytechnic University,Spatial Poverty and the Design and Impact of Community Spaces,12,774444.5,Economic Development,2025-26,Fourth Round,2025,A6,301,25D
Professor GAO Zhenyu,The Hong Kong University of Science of Technology,Integrating Low-altitude Air Mobility Traffic into Metroplex Airport Terminal Airspace: A Focus on Hong Kong and the Greater Bay Area,18,873310.0,"Co-operation with the Mainland, Economic Development",2025-26,Fourth Round,2025,A7,040,25D
Dr LIU Huimin,Hong Kong Metropolitan University,Exploring the Dual Effects of Artificial Intelligence Nudging on Sustainable Consumption in Hong Kong’s Tourism and Hospitality Industry,12,758995.4,New Quality Productive Forces,2025-26,Fourth Round,2025,B16,018,25D
Professor FAN Ying,The Hong Kong Polytechnic University,"The Impact and Optimization of Urban Redevelopment Incentives: Efficiency, Spillover, and Quantitative Spatial Equilibrium in Hong Kong",18,886650.0,Economic Development,2026-27,First Round,2026,A6,312,26A
